{
    "component": "tabs",
    "fixtures": [
        {
            "name": "default",
            "options": {
                "items": [
                    {
                        "label": "Past day",
                        "id": "past-day",
                        "panel": {
                            "html": "<h2 class=\"govuk-heading-l\">Past day</h2>\n<table class=\"govuk-table\">\n  <thead class=\"govuk-table__head\">\n    <tr class=\"govuk-table__row\">\n      <th class=\"govuk-table__header\" scope=\"col\">Case manager</th>\n      <th class=\"govuk-table__header\" scope=\"col\">Cases opened</th>\n      <th class=\"govuk-table__header\" scope=\"col\">Cases closed</th>\n    </tr>\n  </thead>\n  <tbody class=\"govuk-table__body\">\n    <tr class=\"govuk-table__row\">\n      <td class=\"govuk-table__cell\">David Francis</td>\n      <td class=\"govuk-table__cell\">3</td>\n      <td class=\"govuk-table__cell\">0</td>\n    </tr>\n    <tr class=\"govuk-table__row\">\n      <td class=\"govuk-table__cell\">Paul Farmer</td>\n      <td class=\"govuk-table__cell\">1</td>\n      <td class=\"govuk-table__cell\">0</td>\n    </tr>\n    <tr class=\"govuk-table__row\">\n      <td class=\"govuk-table__cell\">Rita Patel</td>\n      <td class=\"govuk-table__cell\">2</td>\n      <td class=\"govuk-table__cell\">0</td>\n    </tr>\n  </tbody>\n</table>\n"
                        }
                    },
                    {
                        "label": "Past week",
                        "id": "past-week",
                        "panel": {
                            "html": "<h2 class=\"govuk-heading-l\">Past week</h2>\n<table class=\"govuk-table\">\n  <thead class=\"govuk-table__head\">\n    <tr class=\"govuk-table__row\">\n      <th class=\"govuk-table__header\" scope=\"col\">Case manager</th>\n      <th class=\"govuk-table__header\" scope=\"col\">Cases opened</th>\n      <th class=\"govuk-table__header\" scope=\"col\">Cases closed</th>\n    </tr>\n  </thead>\n  <tbody class=\"govuk-table__body\">\n    <tr class=\"govuk-table__row\">\n      <td class=\"govuk-table__cell\">David Francis</td>\n      <td class=\"govuk-table__cell\">24</td>\n      <td class=\"govuk-table__cell\">18</td>\n    </tr>\n    <tr class=\"govuk-table__row\">\n      <td class=\"govuk-table__cell\">Paul Farmer</td>\n      <td class=\"govuk-table__cell\">16</td>\n      <td class=\"govuk-table__cell\">20</td>\n    </tr>\n    <tr class=\"govuk-table__row\">\n      <td class=\"govuk-table__cell\">Rita Patel</td>\n      <td class=\"govuk-table__cell\">24</td>\n      <td class=\"govuk-table__cell\">27</td>\n    </tr>\n  </tbody>\n</table>\n"
                        }
                    },
                    {
                        "label": "Past month",
                        "id": "past-month",
                        "panel": {
                            "html": "<h2 class=\"govuk-heading-l\">Past month</h2>\n<table class=\"govuk-table\">\n  <thead class=\"govuk-table__head\">\n    <tr class=\"govuk-table__row\">\n      <th class=\"govuk-table__header\" scope=\"col\">Case manager</th>\n      <th class=\"govuk-table__header\" scope=\"col\">Cases opened</th>\n      <th class=\"govuk-table__header\" scope=\"col\">Cases closed</th>\n    </tr>\n  </thead>\n  <tbody class=\"govuk-table__body\">\n    <tr class=\"govuk-table__row\">\n      <td class=\"govuk-table__cell\">David Francis</td>\n      <td class=\"govuk-table__cell\">98</td>\n      <td class=\"govuk-table__cell\">95</td>\n    </tr>\n    <tr class=\"govuk-table__row\">\n      <td class=\"govuk-table__cell\">Paul Farmer</td>\n      <td class=\"govuk-table__cell\">122</td>\n      <td class=\"govuk-table__cell\">131</td>\n    </tr>\n    <tr class=\"govuk-table__row\">\n      <td class=\"govuk-table__cell\">Rita Patel</td>\n      <td class=\"govuk-table__cell\">126</td>\n      <td class=\"govuk-table__cell\">142</td>\n    </tr>\n  </tbody>\n</table>\n"
                        }
                    },
                    {
                        "label": "Past year",
                        "id": "past-year",
                        "panel": {
                            "text": "There is no data for this year yet, check back later"
                        }
                    }
                ]
            },
            "hidden": false,
            "description": "",
            "previewLayoutModifiers": [],
            "html": "<div class=\"govuk-tabs\" data-module=\"govuk-tabs\">\n  <h2 class=\"govuk-tabs__title\">\n    Contents\n  </h2>\n  <ul class=\"govuk-tabs__list\">\n    <li class=\"govuk-tabs__list-item govuk-tabs__list-item--selected\">\n      <a class=\"govuk-tabs__tab\" href=\"#past-day\">\n        Past day\n      </a>\n    </li>\n    <li class=\"govuk-tabs__list-item\">\n      <a class=\"govuk-tabs__tab\" href=\"#past-week\">\n        Past week\n      </a>\n    </li>\n    <li class=\"govuk-tabs__list-item\">\n      <a class=\"govuk-tabs__tab\" href=\"#past-month\">\n        Past month\n      </a>\n    </li>\n    <li class=\"govuk-tabs__list-item\">\n      <a class=\"govuk-tabs__tab\" href=\"#past-year\">\n        Past year\n      </a>\n    </li>\n  </ul>\n  <div class=\"govuk-tabs__panel\" id=\"past-day\">\n    <h2 class=\"govuk-heading-l\">Past day</h2>\n    <table class=\"govuk-table\">\n      <thead class=\"govuk-table__head\">\n        <tr class=\"govuk-table__row\">\n          <th class=\"govuk-table__header\" scope=\"col\">Case manager</th>\n          <th class=\"govuk-table__header\" scope=\"col\">Cases opened</th>\n          <th class=\"govuk-table__header\" scope=\"col\">Cases closed</th>\n        </tr>\n      </thead>\n      <tbody class=\"govuk-table__body\">\n        <tr class=\"govuk-table__row\">\n          <td class=\"govuk-table__cell\">David Francis</td>\n          <td class=\"govuk-table__cell\">3</td>\n          <td class=\"govuk-table__cell\">0</td>\n        </tr>\n        <tr class=\"govuk-table__row\">\n          <td class=\"govuk-table__cell\">Paul Farmer</td>\n          <td class=\"govuk-table__cell\">1</td>\n          <td class=\"govuk-table__cell\">0</td>\n        </tr>\n        <tr class=\"govuk-table__row\">\n          <td class=\"govuk-table__cell\">Rita Patel</td>\n          <td class=\"govuk-table__cell\">2</td>\n          <td class=\"govuk-table__cell\">0</td>\n        </tr>\n      </tbody>\n    </table>\n  </div>\n  <div class=\"govuk-tabs__panel govuk-tabs__panel--hidden\" id=\"past-week\">\n    <h2 class=\"govuk-heading-l\">Past week</h2>\n    <table class=\"govuk-table\">\n      <thead class=\"govuk-table__head\">\n        <tr class=\"govuk-table__row\">\n          <th class=\"govuk-table__header\" scope=\"col\">Case manager</th>\n          <th class=\"govuk-table__header\" scope=\"col\">Cases opened</th>\n          <th class=\"govuk-table__header\" scope=\"col\">Cases closed</th>\n        </tr>\n      </thead>\n      <tbody class=\"govuk-table__body\">\n        <tr class=\"govuk-table__row\">\n          <td class=\"govuk-table__cell\">David Francis</td>\n          <td class=\"govuk-table__cell\">24</td>\n          <td class=\"govuk-table__cell\">18</td>\n        </tr>\n        <tr class=\"govuk-table__row\">\n          <td class=\"govuk-table__cell\">Paul Farmer</td>\n          <td class=\"govuk-table__cell\">16</td>\n          <td class=\"govuk-table__cell\">20</td>\n        </tr>\n        <tr class=\"govuk-table__row\">\n          <td class=\"govuk-table__cell\">Rita Patel</td>\n          <td class=\"govuk-table__cell\">24</td>\n          <td class=\"govuk-table__cell\">27</td>\n        </tr>\n      </tbody>\n    </table>\n  </div>\n  <div class=\"govuk-tabs__panel govuk-tabs__panel--hidden\" id=\"past-month\">\n    <h2 class=\"govuk-heading-l\">Past month</h2>\n    <table class=\"govuk-table\">\n      <thead class=\"govuk-table__head\">\n        <tr class=\"govuk-table__row\">\n          <th class=\"govuk-table__header\" scope=\"col\">Case manager</th>\n          <th class=\"govuk-table__header\" scope=\"col\">Cases opened</th>\n          <th class=\"govuk-table__header\" scope=\"col\">Cases closed</th>\n        </tr>\n      </thead>\n      <tbody class=\"govuk-table__body\">\n        <tr class=\"govuk-table__row\">\n          <td class=\"govuk-table__cell\">David Francis</td>\n          <td class=\"govuk-table__cell\">98</td>\n          <td class=\"govuk-table__cell\">95</td>\n        </tr>\n        <tr class=\"govuk-table__row\">\n          <td class=\"govuk-table__cell\">Paul Farmer</td>\n          <td class=\"govuk-table__cell\">122</td>\n          <td class=\"govuk-table__cell\">131</td>\n        </tr>\n        <tr class=\"govuk-table__row\">\n          <td class=\"govuk-table__cell\">Rita Patel</td>\n          <td class=\"govuk-table__cell\">126</td>\n          <td class=\"govuk-table__cell\">142</td>\n        </tr>\n      </tbody>\n    </table>\n  </div>\n  <div class=\"govuk-tabs__panel govuk-tabs__panel--hidden\" id=\"past-year\">\n    <p class=\"govuk-body\">There is no data for this year yet, check back later</p>\n  </div>\n</div>"
        },
        {
            "name": "tabs-with-anchor-in-panel",
            "options": {
                "items": [
                    {
                        "label": "Tab 1",
                        "id": "tab-1",
                        "panel": {
                            "html": "<h2 class=\"govuk-heading-l\">Tab 1</h2>\n<p class=\"govuk-body\">Testing that when you click the anchor it moves to the anchor point successfully</p>\n<p class=\"govuk-body\"><a class=\"govuk-link\" href=\"#anchor\">Anchor</a></p>\n<p class=\"govuk-body\"><a id=\"anchor\" tabindex=\"0\">Anchor Point</a></p>\n"
                        }
                    },
                    {
                        "label": "Tab 2",
                        "id": "tab-2",
                        "panel": {
                            "html": "<h2 class=\"govuk-heading-l\">Tab 2</h2>\n"
                        }
                    }
                ]
            },
            "hidden": false,
            "description": "Ensure that anchors that are in tab panels work correctly",
            "previewLayoutModifiers": [],
            "html": "<div class=\"govuk-tabs\" data-module=\"govuk-tabs\">\n  <h2 class=\"govuk-tabs__title\">\n    Contents\n  </h2>\n  <ul class=\"govuk-tabs__list\">\n    <li class=\"govuk-tabs__list-item govuk-tabs__list-item--selected\">\n      <a class=\"govuk-tabs__tab\" href=\"#tab-1\">\n        Tab 1\n      </a>\n    </li>\n    <li class=\"govuk-tabs__list-item\">\n      <a class=\"govuk-tabs__tab\" href=\"#tab-2\">\n        Tab 2\n      </a>\n    </li>\n  </ul>\n  <div class=\"govuk-tabs__panel\" id=\"tab-1\">\n    <h2 class=\"govuk-heading-l\">Tab 1</h2>\n    <p class=\"govuk-body\">Testing that when you click the anchor it moves to the anchor point successfully</p>\n    <p class=\"govuk-body\"><a class=\"govuk-link\" href=\"#anchor\">Anchor</a></p>\n    <p class=\"govuk-body\"><a id=\"anchor\" tabindex=\"0\">Anchor Point</a></p>\n  </div>\n  <div class=\"govuk-tabs__panel govuk-tabs__panel--hidden\" id=\"tab-2\">\n    <h2 class=\"govuk-heading-l\">Tab 2</h2>\n  </div>\n</div>"
        },
        {
            "name": "classes",
            "options": {
                "classes": "app-tabs--custom-modifier",
                "items": [
                    {
                        "label": "Tab 1",
                        "id": "tab-1",
                        "panel": {
                            "text": "Information about tabs"
                        }
                    }
                ]
            },
            "hidden": true,
            "description": "",
            "previewLayoutModifiers": [],
            "html": "<div class=\"govuk-tabs app-tabs--custom-modifier\" data-module=\"govuk-tabs\">\n  <h2 class=\"govuk-tabs__title\">\n    Contents\n  </h2>\n  <ul class=\"govuk-tabs__list\">\n    <li class=\"govuk-tabs__list-item govuk-tabs__list-item--selected\">\n      <a class=\"govuk-tabs__tab\" href=\"#tab-1\">\n        Tab 1\n      </a>\n    </li>\n  </ul>\n  <div class=\"govuk-tabs__panel\" id=\"tab-1\">\n    <p class=\"govuk-body\">Information about tabs</p>\n  </div>\n</div>"
        },
        {
            "name": "id",
            "options": {
                "id": "my-tabs",
                "items": [
                    {
                        "label": "Tab 1",
                        "id": "tab-1",
                        "panel": {
                            "text": "Information about tabs"
                        }
                    }
                ]
            },
            "hidden": true,
            "description": "",
            "previewLayoutModifiers": [],
            "html": "<div id=\"my-tabs\" class=\"govuk-tabs\" data-module=\"govuk-tabs\">\n  <h2 class=\"govuk-tabs__title\">\n    Contents\n  </h2>\n  <ul class=\"govuk-tabs__list\">\n    <li class=\"govuk-tabs__list-item govuk-tabs__list-item--selected\">\n      <a class=\"govuk-tabs__tab\" href=\"#tab-1\">\n        Tab 1\n      </a>\n    </li>\n  </ul>\n  <div class=\"govuk-tabs__panel\" id=\"tab-1\">\n    <p class=\"govuk-body\">Information about tabs</p>\n  </div>\n</div>"
        },
        {
            "name": "title",
            "options": {
                "title": "Custom title for Contents",
                "items": [
                    {
                        "label": "Tab 1",
                        "id": "tab-1",
                        "panel": {
                            "text": "Information about tabs"
                        }
                    }
                ]
            },
            "hidden": true,
            "description": "",
            "previewLayoutModifiers": [],
            "html": "<div class=\"govuk-tabs\" data-module=\"govuk-tabs\">\n  <h2 class=\"govuk-tabs__title\">\n    Custom title for Contents\n  </h2>\n  <ul class=\"govuk-tabs__list\">\n    <li class=\"govuk-tabs__list-item govuk-tabs__list-item--selected\">\n      <a class=\"govuk-tabs__tab\" href=\"#tab-1\">\n        Tab 1\n      </a>\n    </li>\n  </ul>\n  <div class=\"govuk-tabs__panel\" id=\"tab-1\">\n    <p class=\"govuk-body\">Information about tabs</p>\n  </div>\n</div>"
        },
        {
            "name": "attributes",
            "options": {
                "attributes": {
                    "data-attribute": "my data value"
                },
                "items": [
                    {
                        "label": "Tab 1",
                        "id": "tab-1",
                        "panel": {
                            "text": "Information about tabs"
                        }
                    }
                ]
            },
            "hidden": true,
            "description": "",
            "previewLayoutModifiers": [],
            "html": "<div class=\"govuk-tabs\" data-attribute=\"my data value\" data-module=\"govuk-tabs\">\n  <h2 class=\"govuk-tabs__title\">\n    Contents\n  </h2>\n  <ul class=\"govuk-tabs__list\">\n    <li class=\"govuk-tabs__list-item govuk-tabs__list-item--selected\">\n      <a class=\"govuk-tabs__tab\" href=\"#tab-1\">\n        Tab 1\n      </a>\n    </li>\n  </ul>\n  <div class=\"govuk-tabs__panel\" id=\"tab-1\">\n    <p class=\"govuk-body\">Information about tabs</p>\n  </div>\n</div>"
        },
        {
            "name": "item with attributes",
            "options": {
                "items": [
                    {
                        "id": "tab-1",
                        "label": "Tab 1",
                        "panel": {
                            "text": "Information about tabs"
                        },
                        "attributes": {
                            "data-attribute": "my-attribute",
                            "data-attribute-2": "my-attribute-2"
                        }
                    }
                ]
            },
            "hidden": true,
            "description": "",
            "previewLayoutModifiers": [],
            "html": "<div class=\"govuk-tabs\" data-module=\"govuk-tabs\">\n  <h2 class=\"govuk-tabs__title\">\n    Contents\n  </h2>\n  <ul class=\"govuk-tabs__list\">\n    <li class=\"govuk-tabs__list-item govuk-tabs__list-item--selected\">\n      <a class=\"govuk-tabs__tab\" href=\"#tab-1\" data-attribute=\"my-attribute\" data-attribute-2=\"my-attribute-2\">\n        Tab 1\n      </a>\n    </li>\n  </ul>\n  <div class=\"govuk-tabs__panel\" id=\"tab-1\">\n    <p class=\"govuk-body\">Information about tabs</p>\n  </div>\n</div>"
        },
        {
            "name": "panel with attributes",
            "options": {
                "items": [
                    {
                        "id": "tab-1",
                        "label": "Tab 1",
                        "panel": {
                            "text": "Panel text",
                            "attributes": {
                                "data-attribute": "my-attribute",
                                "data-attribute-2": "my-attribute-2"
                            }
                        }
                    }
                ]
            },
            "hidden": true,
            "description": "",
            "previewLayoutModifiers": [],
            "html": "<div class=\"govuk-tabs\" data-module=\"govuk-tabs\">\n  <h2 class=\"govuk-tabs__title\">\n    Contents\n  </h2>\n  <ul class=\"govuk-tabs__list\">\n    <li class=\"govuk-tabs__list-item govuk-tabs__list-item--selected\">\n      <a class=\"govuk-tabs__tab\" href=\"#tab-1\">\n        Tab 1\n      </a>\n    </li>\n  </ul>\n  <div class=\"govuk-tabs__panel\" id=\"tab-1\" data-attribute=\"my-attribute\" data-attribute-2=\"my-attribute-2\">\n    <p class=\"govuk-body\">Panel text</p>\n  </div>\n</div>"
        },
        {
            "name": "no item list",
            "options": {
                "id": "my-tabs",
                "classes": "app-tabs--custom-modifier"
            },
            "hidden": true,
            "description": "",
            "previewLayoutModifiers": [],
            "html": "<div id=\"my-tabs\" class=\"govuk-tabs app-tabs--custom-modifier\" data-module=\"govuk-tabs\">\n  <h2 class=\"govuk-tabs__title\">\n    Contents\n  </h2>\n</div>"
        },
        {
            "name": "empty item list",
            "options": {
                "items": []
            },
            "hidden": true,
            "description": "",
            "previewLayoutModifiers": [],
            "html": "<div class=\"govuk-tabs\" data-module=\"govuk-tabs\">\n  <h2 class=\"govuk-tabs__title\">\n    Contents\n  </h2>\n</div>"
        },
        {
            "name": "with falsey values",
            "options": {
                "items": [
                    {
                        "label": "Tab 1",
                        "id": "tab-1",
                        "panel": {
                            "text": "Panel 1 content"
                        }
                    },
                    null,
                    false,
                    "",
                    {
                        "label": "Tab 2",
                        "id": "tab-2",
                        "panel": {
                            "text": "Panel 2 content"
                        }
                    }
                ]
            },
            "hidden": true,
            "description": "",
            "previewLayoutModifiers": [],
            "html": "<div class=\"govuk-tabs\" data-module=\"govuk-tabs\">\n  <h2 class=\"govuk-tabs__title\">\n    Contents\n  </h2>\n  <ul class=\"govuk-tabs__list\">\n    <li class=\"govuk-tabs__list-item govuk-tabs__list-item--selected\">\n      <a class=\"govuk-tabs__tab\" href=\"#tab-1\">\n        Tab 1\n      </a>\n    </li>\n    <li class=\"govuk-tabs__list-item\">\n      <a class=\"govuk-tabs__tab\" href=\"#tab-2\">\n        Tab 2\n      </a>\n    </li>\n  </ul>\n  <div class=\"govuk-tabs__panel\" id=\"tab-1\">\n    <p class=\"govuk-body\">Panel 1 content</p>\n  </div>\n  <div class=\"govuk-tabs__panel govuk-tabs__panel--hidden\" id=\"tab-2\">\n    <p class=\"govuk-body\">Panel 2 content</p>\n  </div>\n</div>"
        },
        {
            "name": "idPrefix",
            "options": {
                "idPrefix": "custom",
                "items": [
                    {
                        "label": "Tab 1",
                        "panel": {
                            "text": "Panel 1 content"
                        }
                    },
                    {
                        "label": "Tab 2",
                        "panel": {
                            "text": "Panel 2 content"
                        }
                    }
                ]
            },
            "hidden": true,
            "description": "",
            "previewLayoutModifiers": [],
            "html": "<div class=\"govuk-tabs\" data-module=\"govuk-tabs\">\n  <h2 class=\"govuk-tabs__title\">\n    Contents\n  </h2>\n  <ul class=\"govuk-tabs__list\">\n    <li class=\"govuk-tabs__list-item govuk-tabs__list-item--selected\">\n      <a class=\"govuk-tabs__tab\" href=\"#custom-1\">\n        Tab 1\n      </a>\n    </li>\n    <li class=\"govuk-tabs__list-item\">\n      <a class=\"govuk-tabs__tab\" href=\"#custom-2\">\n        Tab 2\n      </a>\n    </li>\n  </ul>\n  <div class=\"govuk-tabs__panel\" id=\"custom-1\">\n    <p class=\"govuk-body\">Panel 1 content</p>\n  </div>\n  <div class=\"govuk-tabs__panel govuk-tabs__panel--hidden\" id=\"custom-2\">\n    <p class=\"govuk-body\">Panel 2 content</p>\n  </div>\n</div>"
        },
        {
            "name": "html as text",
            "options": {
                "items": [
                    {
                        "label": "Tab 1",
                        "id": "tab-1",
                        "panel": {
                            "text": "<p>Panel 1 content</p>"
                        }
                    },
                    {
                        "label": "Tab 2",
                        "id": "tab-2",
                        "panel": {
                            "text": "<p>Panel 2 content</p>"
                        }
                    }
                ]
            },
            "hidden": true,
            "description": "",
            "previewLayoutModifiers": [],
            "html": "<div class=\"govuk-tabs\" data-module=\"govuk-tabs\">\n  <h2 class=\"govuk-tabs__title\">\n    Contents\n  </h2>\n  <ul class=\"govuk-tabs__list\">\n    <li class=\"govuk-tabs__list-item govuk-tabs__list-item--selected\">\n      <a class=\"govuk-tabs__tab\" href=\"#tab-1\">\n        Tab 1\n      </a>\n    </li>\n    <li class=\"govuk-tabs__list-item\">\n      <a class=\"govuk-tabs__tab\" href=\"#tab-2\">\n        Tab 2\n      </a>\n    </li>\n  </ul>\n  <div class=\"govuk-tabs__panel\" id=\"tab-1\">\n    <p class=\"govuk-body\">&lt;p&gt;Panel 1 content&lt;/p&gt;</p>\n  </div>\n  <div class=\"govuk-tabs__panel govuk-tabs__panel--hidden\" id=\"tab-2\">\n    <p class=\"govuk-body\">&lt;p&gt;Panel 2 content&lt;/p&gt;</p>\n  </div>\n</div>"
        },
        {
            "name": "html",
            "options": {
                "items": [
                    {
                        "label": "Tab 1",
                        "id": "tab-1",
                        "panel": {
                            "html": "<p>Panel 1 content</p>"
                        }
                    },
                    {
                        "label": "Tab 2",
                        "id": "tab-2",
                        "panel": {
                            "html": "<p>Panel 2 content</p>"
                        }
                    }
                ]
            },
            "hidden": true,
            "description": "",
            "previewLayoutModifiers": [],
            "html": "<div class=\"govuk-tabs\" data-module=\"govuk-tabs\">\n  <h2 class=\"govuk-tabs__title\">\n    Contents\n  </h2>\n  <ul class=\"govuk-tabs__list\">\n    <li class=\"govuk-tabs__list-item govuk-tabs__list-item--selected\">\n      <a class=\"govuk-tabs__tab\" href=\"#tab-1\">\n        Tab 1\n      </a>\n    </li>\n    <li class=\"govuk-tabs__list-item\">\n      <a class=\"govuk-tabs__tab\" href=\"#tab-2\">\n        Tab 2\n      </a>\n    </li>\n  </ul>\n  <div class=\"govuk-tabs__panel\" id=\"tab-1\">\n    <p>Panel 1 content</p>\n  </div>\n  <div class=\"govuk-tabs__panel govuk-tabs__panel--hidden\" id=\"tab-2\">\n    <p>Panel 2 content</p>\n  </div>\n</div>"
        }
    ]
}
